TCCGATCGCTGGTT,1,1
CGGCATTACACCTTAC,1,2
GGCATAAGCTCAACTC,1,3
GGTTCCTAATAGACAC,1,4
TACCGTTCTCGAGCGT,1,5
TACTCACTGGCAACAT,1,6
CTAGGTCTAGTGCAAT,1,7
AGGATACGCTACACAA,1,8
GAGGCTAAGGTGTGCA,1,9
ATTCCGTCTGAAGCTT,1,10
TCGCGTACCTTATTGC,1,11
TCAGAATCTACCGAGT,1,12
GTAGACCGACGGCTTG,1,13
TTGGACGTGAGATAGT,1,14
AGTACCGGCAAGTTAA,3,1
TAATGGCGCAGAGACC,3,2
ATGGCAAGGTTCTATG,3,3
CAGGTCATGATATACG,3,4
GGTCACCACTTACAGT,3,5
CGAGGCTATGCGTTGG,3,6
GTTCGGCGCACATACA,3,7
GACGACACGCTCACTC,3,8
TTGTCACGTGTGCTCA,3,9
GAGTTAGCACCTCGCC,3,10
CGACCATACTACTGTC,2,11
ATTGCACCGTGACAGC,2,12
GTCATGTGCTTCACGA,2,13
TTGAGGAACAGGATGA,2,14
CTGCCGTGACTAAGGC,2,1
GGTAACTGGCAGAGGT,2,2
TCGGCATGAGGAGGAA,2,3
GCGCTCCTTCCGCTAA,2,4
AGGCGTCGCGTTCCAT,2,5
CTGCATCCGCTCGAGA,2,6
CTGACCGGCGATATCA,2,7
GTGCTTACTGGACCGC,2,8
TCTTACCAAGAGGCTT,2,9
CGCAGGTACAGACAGT,2,10
GTCACGTGTGGTCTCG,4,11
CATGACCAGAGGCACG,4,12
CCAGGAGATAGGCGCA,4,13
CGATTCTCCGTCTGAA,4,14
ATCCAGTGCTTACTCT,4,1
TTATCAGGAATCCGCC,4,2
TCCTCCACGTGGACTC,4,3
GAGAACGCCATGTCGC,4,4
CGCGCTACGTCATTCC,4,5
AGCCGAACGGTGTGAG,4,6
CCGAGGCTGCATCGTT,3,7
TTGCAGTCTTATGCGG,3,8
CAGAGCTCATAACTCA,3,9
CCTATCCTGGACTTGT,3,10
GTCGATTGTCACTGCA,5,11
GAAGACATCTAAGTGG,5,12
CGGATATCCACCTATA,5,13
TAGTGCCGTGAATACA,5,14
AGGAGCTCCATGGTAA,5,1
GTTAGATCCTACCTTC,5,2
CTCTTGGAGGTCTTCG,5,3
GCCGTTACCTTGATTG,5,4
CATGCGTGCTCTTACG,5,5
TTACTTAGGTACAGGC,5,6
GGTAGCATTCGTAGTT,5,7
ATTACAATCCTCCGGA,5,8
CGTTATCCGAGAGCCA,5,9
GTGTGGACAAGACTCA,5,10
GATCACGTTCCGGTTA,7,11
TAGCACAATGAGAAGG,7,12
CTGCTTCGGCCATCAG,7,13
GAGGTGATCTTCTCAA,7,14
GAGAGCCTCGGACCTT,7,1
CACTATAGAGCGTGAA,7,2
AGCATGGCGCGTATCC,4,3
GACCACCTCAGTACAT,4,4
TATAAGCCGACGACGC,4,5
TCTTGTCGAGACCAAC,4,6
CTCCTTGGTTGTGTGC,6,7
CGCACCTGAATCCGTT,6,8
GGTTAGTCACCACGGT,6,9
GCATACTGGATAAGGC,6,10
CTCTAGGTGATCAGGA,6,11
TTGCGTACGGCTCAAC,6,12
TCGTGGAGAGTGGTGT,6,13
GCTAGCGCTTATATTC,6,14
ATTCGCACGCGGCTTC,6,1
AGTTAGTCCGGACATG,6,2
CTTAGAAGAGCTCACC,6,3
GCAAGGTGAGATTGTG,6,4
GGTGCCTGATGCCACT,6,5
ATACTCTTAAGCTGCC,6,6
CGTATTCTCTACTGAC,8,7
TACAGTGTCGCGCTTA,8,8
CCTGTAGTCATCGATT,8,9
GCGTGTTGTTGAGTGT,8,10
TCTGTTCAGAACGCAG,8,11
CTGTGGACCTGGTTGG,8,12
GCGCACGTTGCTGTCA,7,13
TAGGTGAGGAGCTCGA,7,14
AGCACTGCATGGCCAG,7,1
CTCTCGCACCAGCAGA,7,2
GCCAGTACTGCGTGTT,7,3
TAGGATTCCGGAACAC,7,4
GGCAGCGACTAACCGT,7,5
CATACGAACGATAGAG,7,6
GCGGCACTCAATATCA,9,7
AGTGTAAGGCTCGTGG,9,8
GATCCACGGTCCAGAC,9,9
CCAGTCAATCCACCGC,9,10
CCTTGTACAGGCATGA,9,11
CGACAGATTCCAGTGA,9,12
TCCACCGTATGCGCTG,9,13
ATGGTGGTGTACTGTA,9,14
AGACGTCCTCCGCCTA,9,1
CTCCTGTCCAAGACAT,9,2
TTACCACGAGTAAGCA,9,3
CAGCTACCGTCGTCGA,9,4
CCAGACTACAGCGCAC,9,5
GCTCCGTCACATGCCA,9,6
GTGGCTGGATCGTACT,11,7
GAATTCTGTGCTCTGA,11,8
TCCATTGTGATCTCGT,8,9
ATGTCATTATCGCAGG,8,10
AGGTATACCTCTCGCA,8,11
GCGCGGACATGTTCGT,8,12
ATATGGAGATGGAGGT,8,13
GTTCTTCCAGATCGAA,8,14
GGTAGTCTATTGCATC,8,1
TTGACGGATACCAATC,8,2
GTCTGTGACATGGCAA,10,3
CGCGTCGGTTGACCTA,10,4
GGCGTTGGTCATACCG,10,5
GCAAGTCGTGTGCGTG,10,6
TAAGTCTCTGCTACCA,10,7
GGAATGGCTTAGATGA,10,8
GAATGACGTCTCTTCC,10,9
CCTGACCGAGACCTTG,10,10
CTCATACCTGCTACCT,10,11
AGCCACGTTCATTCGC,10,12
GTTCCGACGCAGCTGT,10,13
CCAGCAAGCACACGAA,10,14
GTACGTTCAGAGTCAC,10,1
TTAAGAGCAGAGGCGG,10,2
GCAGTGTGAATAGCAC,12,3
TCTGCTGTGGTAGAAT,12,4
GGAATGATACCTGCTT,11,5
CGATTCTAATAACCGG,11,6
TATGCGGATGTGGCTG,11,7
ATCCACAGGTGCGCCT,11,8
TCAAGCCTCGCATAGG,11,9
CGACGAGCTTGTGTAC,11,10
GTTACACCGGCTCGAC,11,11
GCTACGTCGCATAGGT,11,12
TCGAGACCTTGTCAGT,11,13
GATCCGCGTATAACCG,11,14
GTACCTACTCTAGACA,11,1
GCTGTAGCCTAACTTG,11,2
TACGCCGAACGCATAC,13,3
GACAAGGTGCATGCGT,13,4
GTGCGTAACAGCCAGA,13,5
GCGTTCGTCAACCGTC,13,6
GGCAACATTGGAGGCC,13,7
TCGGTAGCTAATGGAA,13,8
CTAGTGCGGTTGCCAG,13,9
TAGAGGCTCGAGAGAT,13,10
CCAGTGTATCATCGGT,13,11
GGACGAATCCTTGGTA,13,12
TTGGCAGAGGTGGATG,13,13
TCTACAATTGCAAGGC,13,14
CGTATCTGCCAACAGG,12,1
TTGGTCTGTCCATGCG,12,2
GGATACACTAGCGAGA,12,3
CCTCTTCACCTAATAC,12,4
CGGATAGAGGTGTCGG,12,5
CTGGTAATAAGAGCGC,12,6
GCTCGTTAATCGGAAT,12,7
GGTCCATATGCAAGAG,12,8
GGTAATGACTTGCAGA,12,9
CATCGTGCTTGCCGTT,12,10
CATGGCGCCACATGGA,12,11
GACTCGGTTCAGAATA,12,12
GATCTCTAGTGATTGC,14,13
CATTCAAGCAGATGGT,14,14
CTAGCCTGCGAAGATT,14,1
CGTCGCGTTCGAGATT,14,2
TCTTGACCATGACGCG,14,3
ATCAGACCTCCAGCGC,14,4
GATCAAGCCGCTTACT,14,5
CGGAGTATATGCCTTG,14,6
GGAATCATGTGGAACA,14,7
GACTCGTGGTATATAC,14,8
GATCCGGAGTCTAGCG,14,9
CGGATGCGAGGACTTC,14,10
TACCACGCCTACCAGC,13,1
GTAATGCTCTTACGGA,13,2
CTGATCGAGCGCAGAG,15,3
TAAGGAAGCCAGAACT,15,4
CAGAGGTCGTATTACA,15,5
GCATCCATCGGACGCA,15,6
GCCTGACCTATCGAAC,15,7
CAGAGTTAACCGATGA,15,8
TCGCTGTAATGCTCAT,15,9
CGTCTGAGGCAGTCGT,15,10
GAGGTCGCCAGTTGTC,15,11
GACACACGGTGCTAGC,15,12
TATGTGATGCACAAGG,15,13
TCGGCTAGAGGAACGT,15,14
GCCGTGACATTATACT,15,1
CGGTCGGTCGGAAGAT,15,2
ATTGGCCGGTGCTAGG,17,3
TCGGATGTAGATCGCT,17,4
AGGCTGAATAGGAGTA,17,5
TAGCATGTGCGTTCTT,17,6
GCCACGTTGCGCATAA,17,7
CGTCAGACGCCATCAC,17,8
GTATCCTGTTACTAGC,17,9
CAGGAACAGATCGGAT,17,10
ATCGAATGCGCCACCG,14,11
CTCCGTTCTCTATTCA,14,12
CAGCGGCTAATGCGAC,16,13
GGAATAAGTAGTCCGC,16,14
AGTCGTGCAGCAGAAT,16,1
TTACAGGCCGAATGTG,16,2
GCCTCCACTTAGCCAG,16,3
TTATCCTCCGGCTTAA,16,4
CTTACCTTGGTCTTCA,16,5
CTTACCGACAAGAGAA,16,6
CATGCCGGTCTGAGGA,16,7
TACAGTTGTGCATAGG,16,8
CTTGATCCAGGTTGTT,16,9
CGTACTAAGAATCCGA,16,10
ATCGTTGGCTCCATTG,16,11
GTGTAAGGAATCTCTG,16,12
CAGTCCTTAACGGCCG,18,13
GGACACTGAGTCGTTC,18,14
CATCTAACTGAGCACA,18,1
TTGAGTGGTGGAGACA,18,2
GATATGATAGTGCCGA,18,3
CGGAGTTGTTGGCACG,18,4
TTGGACCGAGGAGGCT,18,5
GGAGTATCAAGAGCAG,18,6
CACTAAGTACTTCCTC,17,7
TCCTTCGTCGTCACGG,17,8
ATCTCTTGTCTTGGCG,17,9
GAGACATCCGGTATAC,17,10
TAGAGCGTCGAACTTC,17,11
TCATCCGGCCTAGAAT,17,12
GATTAGAGCAGGTGTT,19,13
CGGATTATGGACGGAC,19,14
CCTAGCTCCAGTATTA,19,1
GAGCGACAATCGTAGG,19,2
CGTAGCTAGGATTCTG,19,3
TTCACAAGCTCGGACT,19,4
GTTATTCTTGAGGAGC,19,5
CTACCTTCAACCGTTA,19,6
GATCACGTAGGAGCCG,19,7
CGTAAGCGACCTAGTG,19,8
CGACATTCTCTACACG,19,9
AGCTCTACTCAATCCA,19,10
CTTCCTATCTTACGGT,19,11
ATCACGCGTCAGCTCA,19,12
GGCCTACGCTGACTCA,21,13
CATGACTTCATTCACC,21,14
GTCGTTGATCTCATCG,21,1
CATCCAGTCTATCGCC,21,2
CTCACGTCGATGCTTA,18,3
GGCCAATCACGAAGCC,18,4
GGCTCAACTGCTATTC,18,5
CCAGTCATAATGACGA,18,6
TCCACTGGAGTGTCGC,18,7
CTAACCGAGCAATGTT,18,8
TCAGACGCTTGCATAG,20,9
TTACCACGCGCTAGTT,20,10
AGCAGCTTAACCTCTC,20,11
CATACCTCCTAACTAG,20,12
TTCGAGGATACGTTCC,20,13
TAGGATCGGACGCGTG,20,14
CAGCGGCGAGTGATAG,20,1
GCTCATCATACTCACT,20,2
TTAGTTGTTCCTGGCC,20,3
TCCTCAAGCAAGCACT,20,4
GAGTGTCTGCGGAGAT,20,5
CGGATCGCTTGTCTTA,20,6
CTACCGACATCCTAGC,20,7
GTGCTCGTTAGGTTCT,20,8
CACATACACAGAGACA,22,9
GTCTGCACGTTGACAT,22,10
CGCTGCCAGTGGTTCT,22,11
CCGGTTCCTCTGTCCT,22,12
TTGCTCTATAGCCGTA,21,13
CTCTTAACAGAGGTAG,21,14
CACGCCTGTGCACTAT,21,1
CGGATGGACCTATATG,21,2
GATCGTCCGCCATAGG,21,3
GGCCTGAACAAGTGAC,21,4
GCCGGTTGATTGGACT,21,5
GGACTTGCGTTGTAAG,21,6
AGAGCCAAGGAGGTCG,21,7
CGATAGCCTTATTGCT,21,8
GGCGGAAGAGGTCAAG,23,9
GTCACCGCAGTTACGC,23,10
GCACACCTTAGGAGTG,23,11
AGAACCAATCTACTGG,23,12
TCGCTTCTCAAGGCCG,23,13
ATGAGCGTAGACAATG,23,14
GCTCGCAGATAACTCG,23,1
TACTACGACATCGGTA,23,2
AGGCTACTCTACCTGG,23,3
ATCTGGAAGGACATCC,23,4
AGGACGAACTCGCCGA,23,5
TAGTACGCCAACTGTT,23,6
GCTACTCGTGCTAGTC,23,7
TCTCATCTGAGTGGCG,23,8
TACCGCCATCCGACTC,22,9
GTGGTCGCTCTGTAGC,22,10
GTGGTCAGTTATAGGT,22,11
TCATGGCCATCCGAGA,22,12
CCAGACTAGAATGCGT,22,13
AGTTCAGTTGCGACCG,22,14
CCGTTAACTGCTCAGT,22,1
CGATGAACCGGTCCAT,22,2
GCAGTCATGAATCGTT,22,3
CGAGTGAGGAGAGCAT,22,4
GCAACTCGCCTCCAGT,24,5
CCTATGGTCCTTGAGA,24,6
TACAAGCCTTAGCACA,24,7
CACCGCCAGTAATCAA,24,8
GACCGGAGAATGAATC,24,9
GATGTGTTGTAGGTAG,24,10
GGCATTGATGGCTTAA,24,11
ATACGCAACCAAGCCG,24,12
TACTGTGTCGACCAGC,24,13
GTGCACTGTCGGAGTA,24,14
TCTTGAGCACTCTAAC,24,1
GCTGGCAGCAACGGTA,24,2
GGTAGAACTCGGCACA,24,3
GAAGTGTTCGACATCA,24,4
GTGAAGATTGTTGCCT,25,5
TCTAGTGAGGCTGGAT,25,6
ATGGTCATCCGTCGAT,25,7
GAACGAGCACAAGAAG,25,8
TCATCCAGGCCGCTTG,25,9
ATTCCTTCCGCATTAC,25,10
CGTAGAGTTGCGGTGT,25,11
AGCCTCACAACGCGAA,25,12
TAACAGAGGAGAGTCC,25,13
GCTCTCCTTACCAGCA,25,14
GTGCTCATGATTGGAA,25,1
CTGTCAACATGCCGTG,25,2
TTCCTGCGACAGTTAT,25,3
CACTATCTGGATGCAC,25,4
CAGCCTCTGCACCGTT,27,5
CTGTGGAAGTCCAGGC,27,6
GTGTTGAGGAAGTCCG,27,7
GTTGGCTTCCGATTCT,27,8
TCGTCGAGGTGTCTTC,27,9
TATTGCACTCTGTTCC,27,10
GACGATGCGGTTACTG,27,11
AGAATTACGTGACCAG,27,12
TAGCAAGCAAGAAGGA,27,13
AGCTTGTCACTGAAGG,27,14
GAATAGCCTACACTGG,26,1
TTGAGCACAGCGCGAG,26,2
CCGGCTCTCATACATA,26,3
CTCGTGACGACTGTAT,26,4
CGCTAAGCTGGATGTC,26,5
CCATTCAACTACTGGA,26,6
CTAGCATGGAAGTGGT,26,7
GTGTATTAGCGAGCTC,26,8
CTGGCTTAGGTTAGTT,26,9
GAAGCTTATAGCCAGT,26,10
GCAACGCCATATGCTT,26,11
ATCACACGGTAGGATA,26,12
CTTCGGTCGTTGGTAA,26,13
GGACAGGCATGGCTTA,26,14
AGTCTTCCTGAGAACT,28,1
AGCTATTACGACCTGC,28,2
CACTGTCTCATATGAG,28,3
ATGACCAAGTACCGGA,28,4
GCTCTGAGATCTACTT,28,5
ATCTCTCACTTGGCAC,28,6
TATCTCGCTGCTGGCA,28,7
ATCCGTGATTCCTCCA,28,8
GGTGGATAGTAGTGTC,28,9
TAAGCCACCTGATTGA,28,10
